,path
0,cell_9_1.jpg
1,cell_8_3.jpg
2,cell_4_4.jpg
3,cell_9_3.jpg
4,cell_1_8.jpg
5,cell_2_9.jpg
6,cell_7_8.jpg
7,cell_7_6.jpg
8,cell_9_6.jpg
9,cell_1_1.jpg
10,cell_1_7.jpg
11,cell_7_4.jpg
12,cell_6_9.jpg
13,cell_6_2.jpg
14,cell_1_2.jpg
15,cell_6_7.jpg
16,cell_1_9.jpg
17,cell_8_7.jpg
18,cell_3_9.jpg
19,cell_4_3.jpg
20,cell_6_6.jpg
21,cell_7_1.jpg
22,cell_8_2.jpg
23,cell_4_2.jpg
24,cell_3_8.jpg
25,cell_5_3.jpg
26,cell_8_9.jpg
27,cell_3_1.jpg
28,cell_3_3.jpg
29,cell_8_4.jpg
30,cell_4_9.jpg
31,cell_2_4.jpg
32,cell_4_1.jpg
33,cell_6_4.jpg
34,cell_3_5.jpg
35,cell_5_6.jpg
36,cell_2_3.jpg
37,cell_7_7.jpg
38,cell_7_5.jpg
39,cell_3_2.jpg
40,cell_5_7.jpg
41,cell_5_1.jpg
42,cell_6_3.jpg
43,cell_7_3.jpg
44,cell_8_8.jpg
45,cell_2_5.jpg
46,cell_4_6.jpg
47,cell_2_6.jpg
48,cell_6_5.jpg
49,cell_5_5.jpg
50,cell_2_2.jpg
51,cell_9_2.jpg
52,cell_2_1.jpg
53,cell_4_8.jpg
54,cell_9_8.jpg
55,cell_1_4.jpg
56,cell_5_4.jpg
57,cell_7_9.jpg
58,cell_9_5.jpg
59,cell_6_8.jpg
60,cell_3_7.jpg
61,cell_1_5.jpg
62,cell_9_9.jpg
63,cell_9_7.jpg
64,cell_2_7.jpg
65,cell_8_5.jpg
66,cell_4_7.jpg
67,cell_2_8.jpg
68,cell_8_1.jpg
69,cell_3_6.jpg
70,cell_4_5.jpg
71,cell_5_8.jpg
72,cell_3_4.jpg
73,cell_8_6.jpg
74,cell_5_9.jpg
75,cell_1_6.jpg
76,cell_9_4.jpg
77,cell_7_2.jpg
78,cell_5_2.jpg
79,cell_6_1.jpg
80,cell_1_3.jpg
